<?xml version="1.0" encoding="UTF-8"?>
<addon id="service.autohqaudio"
       name="Auto High Quality Audio Selector"
       version="1.0.0"
       provider-name="ChatGPT">
    <extension point="xbmc.service" library="service.py" start="startup"/>
    <extension point="xbmc.addon.metadata">
        <summary>Selects the highest-quality audio track automatically.</summary>
        <description>Auto chooses the best audio stream (Atmos, DTS:X, DTS-HD, EAC3, AC3...). Works with all video addons.</description>
        <platform>all</platform>
    </extension>
</addon>
