<?xml version="1.0" encoding="UTF-8" standalone="yes"?>
<addon id="plugin.video.phim4k" name="Phim4K" version="2.0.1" provider-name="Phim4K Team">
    <requires>
        <import addon="xbmc.python" version="3.0.0"/>
    </requires>
    <extension point="xbmc.python.pluginsource" library="default.py">
        <provides>video</provides>
    </extension>
    <extension point="xbmc.addon.metadata">
        <summary lang="en_GB">Phim4K Client</summary>
        <description lang="en_GB">Watch movies and TV series from Phim4K.</description>
        <platform>all</platform>
    </extension>
</addon>
